sequence,clones,method,trial,process_wall_ms,replay_wall_ms,api_compute_ms,decode_ms,ate_m,rpe_m,rpe_rotation_deg,admitted
V1_01_easy,11,original,1,18049.656220013276,17986.686766,11373.942420000025,6562.45375699999,0.06474416660400822,0.04456440227276713,0.4758912716032934,True
V1_01_easy,11,original,2,18041.0844408907,17979.006474,11366.399792000006,6562.190094000014,0.06474416660400822,0.04456440227276713,0.4758912716032934,True
V1_01_easy,11,original,3,18032.077179988846,17968.892135,11357.419948000002,6561.420404000011,0.06474416660400822,0.04456440227276713,0.4758912716032934,True
V1_01_easy,11,root_messages,1,16125.178319169208,16054.729509,9438.727362999973,6558.070932999992,0.06474438417082305,0.044564409224540295,0.4758912645748026,True
V1_01_easy,11,root_messages,2,16109.803461935371,16039.27537,9427.741292000004,6553.6498679999995,0.06474438417082305,0.044564409224540295,0.4758912645748026,True
V1_01_easy,11,root_messages,3,16166.798409074545,16096.215687,9477.312304999994,6560.998068000002,0.06474438417082305,0.044564409224540295,0.4758912645748026,True
V1_01_easy,11,enhanced_ekf,1,16009.32853599079,15942.207301,9331.78848599999,6557.602140000005,0.06474431607932418,0.04456440570099035,0.4758912802582189,True
V1_01_easy,11,enhanced_ekf,2,16070.081959012896,16003.232233,9389.465173000004,6562.000808,0.06474431607932418,0.04456440570099035,0.4758912802582189,True
V1_01_easy,11,enhanced_ekf,3,16028.398283058777,15961.151699,9350.63455299999,6558.755978000003,0.06474431607932418,0.04456440570099035,0.4758912802582189,True
V1_01_easy,21,original,1,19694.03523998335,19631.091048,13023.418587999986,6558.265046000003,0.05424337290451041,0.045074224186452856,0.47293679167035185,True
V1_01_easy,21,original,2,19705.522002186626,19641.797027,13037.452377000003,6555.389665999993,0.05424337290451041,0.045074224186452856,0.47293679167035185,True
V1_01_easy,21,original,3,19714.202655944973,19651.274897,13042.36184200001,6560.306038999976,0.05424337290451041,0.045074224186452856,0.47293679167035185,True
V1_01_easy,21,root_messages,1,16726.140943123028,16656.439959,10028.188093000002,6565.242464000004,0.05424316098339708,0.045074221443910704,0.4729367558251741,True
V1_01_easy,21,root_messages,2,16629.446079023182,16556.339464,9926.227840999996,6567.086946999985,0.05424316098339708,0.045074221443910704,0.4729367558251741,True
V1_01_easy,21,root_messages,3,16600.771058816463,16530.403823,9903.144484999997,6565.4025999999885,0.05424316098339708,0.045074221443910704,0.4729367558251741,True
V1_01_easy,21,enhanced_ekf,1,16821.24731107615,16753.983261,10132.572003999998,6570.030570999997,0.05424318385947429,0.045074218230361396,0.47293679903637703,True
V1_01_easy,21,enhanced_ekf,2,16705.014765961096,16637.5311,10025.383422000006,6561.0528499999955,0.05424318385947429,0.045074218230361396,0.47293679903637703,True
V1_01_easy,21,enhanced_ekf,3,16753.66326002404,16685.719856,10072.571873999997,6562.121323000008,0.05424318385947429,0.045074218230361396,0.47293679903637703,True
V1_02_medium,11,original,1,10200.137509033084,10149.309873,6428.019629000001,3692.030277000001,0.06833866002209096,0.036313214821519606,0.24111008155526975,True
V1_02_medium,11,original,2,10186.91743700765,10136.232538,6414.863665999992,3691.774796999997,0.06833866002209096,0.036313214821519606,0.24111008155526975,True
V1_02_medium,11,original,3,10211.525616934523,10161.125536,6439.190771999995,3692.3984739999996,0.06833866002209096,0.036313214821519606,0.24111008155526975,True
V1_02_medium,11,root_messages,1,9473.640328040347,9416.181495,5690.533992000003,3691.0748679999974,0.06833873964336225,0.036313209860248656,0.24111010704894953,True
V1_02_medium,11,root_messages,2,9452.133025974035,9394.87761,5670.939642999993,3689.7915949999983,0.06833873964336225,0.036313209860248656,0.24111010704894953,True
V1_02_medium,11,root_messages,3,9467.187847942114,9408.732212,5686.142622000004,3688.5628750000033,0.06833873964336225,0.036313209860248656,0.24111010704894953,True
V1_02_medium,11,enhanced_ekf,1,9754.47939406149,9699.433612,5972.656587999986,3696.0050870000027,0.06833867398235256,0.036313215571630995,0.24111021033825755,True
V1_02_medium,11,enhanced_ekf,2,9763.586505083367,9708.475792,5982.719450999996,3695.28044900001,0.06833867398235256,0.036313215571630995,0.24111021033825755,True
V1_02_medium,11,enhanced_ekf,3,9757.60201108642,9702.482123,5976.138560999998,3696.053416000003,0.06833867398235256,0.036313215571630995,0.24111021033825755,True
V1_02_medium,21,original,1,11256.861075060442,11205.715899,7485.699307999991,3691.0438290000056,0.06300537690839046,0.03770142876980301,0.24097847187111768,True
V1_02_medium,21,original,2,11227.580134058371,11176.325338,7457.819577999993,3689.8246160000012,0.06300537690839046,0.03770142876980301,0.24097847187111768,True
V1_02_medium,21,original,3,11239.972412819043,11188.656777,7467.135349999999,3692.5380620000046,0.06300537690839046,0.03770142876980301,0.24097847187111768,True
V1_02_medium,21,root_messages,1,9879.377214005217,9821.103576,6090.262014000004,3693.4883060000043,0.0630053190948574,0.03770143470325864,0.24097841630003208,True
V1_02_medium,21,root_messages,2,9884.000395191833,9825.46177,6066.204291000005,3721.769748999999,0.0630053190948574,0.03770143470325864,0.24097841630003208,True
V1_02_medium,21,root_messages,3,9864.123516017571,9806.135558,6071.304834999998,3698.0755079999994,0.0630053190948574,0.03770143470325864,0.24097841630003208,True
V1_02_medium,21,enhanced_ekf,1,10032.59974392131,9977.578654,6245.226873999998,3701.036399000004,0.06300535899521706,0.03770142890503108,0.24097835160064776,True
V1_02_medium,21,enhanced_ekf,2,9994.05783507973,9938.848139,6206.298618000002,3702.1275409999994,0.06300535899521706,0.03770142890503108,0.24097835160064776,True
V1_02_medium,21,enhanced_ekf,3,9981.741334078833,9926.492472,6199.185292,3697.186174999999,0.06300535899521706,0.03770142890503108,0.24097835160064776,True
V1_03_difficult,11,original,1,11927.857261849567,11873.474875,8133.25335199999,3703.120442999999,0.043227460936752386,0.03425196314987177,0.26451506964420474,True
V1_03_difficult,11,original,2,11896.680095931515,11841.84613,8103.896782000008,3701.580861000002,0.043227460936752386,0.03425196314987177,0.26451506964420474,True
V1_03_difficult,11,original,3,11918.3131409809,11863.695043,8123.137824999984,3703.458764999998,0.043227460936752386,0.03425196314987177,0.26451506964420474,True
V1_03_difficult,11,root_messages,1,11478.24905696325,11415.910334,7658.959123999991,3713.228994999998,0.0432274265793499,0.03425196640698803,0.26451485260175966,True
V1_03_difficult,11,root_messages,2,11431.566402083263,11368.829584,7615.1561820000015,3710.6999840000008,0.0432274265793499,0.03425196640698803,0.26451485260175966,True
V1_03_difficult,11,root_messages,3,11434.510310180485,11372.17515,7619.125144,3709.514286999998,0.0432274265793499,0.03425196640698803,0.26451485260175966,True
V1_03_difficult,11,enhanced_ekf,1,11435.233016964048,11375.953941,7630.924412000005,3707.5064349999966,0.04322749617372342,0.03425196576310266,0.2645152040591264,True
V1_03_difficult,11,enhanced_ekf,2,11436.110904905945,11376.016943,7630.9738800000005,3707.300196000003,0.04322749617372342,0.03425196576310266,0.2645152040591264,True
V1_03_difficult,11,enhanced_ekf,3,11444.051360012963,11384.554218,7640.637748000002,3706.1113750000045,0.04322749617372342,0.03425196576310266,0.2645152040591264,True
V1_03_difficult,21,original,1,13155.481891008094,13100.530828,9357.070267000006,3707.076868999997,0.06423592826365145,0.041323121002091394,0.2539780442064272,True
V1_03_difficult,21,original,2,13165.298145962879,13109.73622,9366.307940999994,3707.252974000004,0.06423592826365145,0.041323121002091394,0.2539780442064272,True
V1_03_difficult,21,original,3,13155.761145055294,13100.607138,9355.688676999987,3708.0392080000047,0.06423592826365145,0.041323121002091394,0.2539780442064272,True
V1_03_difficult,21,root_messages,1,11897.635264089331,11835.383537,8076.056766999988,3712.8961189999986,0.06423590783938722,0.04132310556692349,0.25397714953141115,True
V1_03_difficult,21,root_messages,2,11934.505245881155,11871.603696,8109.710418999995,3716.0545410000004,0.06423590783938722,0.04132310556692349,0.25397714953141115,True
V1_03_difficult,21,root_messages,3,11954.094378976151,11891.776346,8131.054193000003,3714.754716999999,0.06423590783938722,0.04132310556692349,0.25397714953141115,True
V1_03_difficult,21,enhanced_ekf,1,11974.735097028315,11914.773196,8164.470943000011,3712.2552610000002,0.06423592801318495,0.04132309923650717,0.25397797207165,True
V1_03_difficult,21,enhanced_ekf,2,11966.521672904491,11906.744194,8156.820765999994,3711.8740540000003,0.06423592801318495,0.04132309923650717,0.25397797207165,True
V1_03_difficult,21,enhanced_ekf,3,12020.490710856393,11959.462149,8209.885847999994,3711.6895649999988,0.06423592801318495,0.04132309923650717,0.25397797207165,True
